group,date,home_team,away_team,home_goals,away_goals
A1,2026-09-25,Turkey,France,,
A1,2026-09-25,Italy,Belgium,,
A1,2026-09-28,Belgium,France,,
A1,2026-09-28,Turkey,Italy,,
A1,2026-10-02,France,Italy,,
A1,2026-10-02,Belgium,Turkey,,
A1,2026-10-05,France,Belgium,,
A1,2026-10-05,Italy,Turkey,,
A1,2026-11-12,Italy,France,,
A1,2026-11-12,Turkey,Belgium,,
A1,2026-11-15,France,Turkey,,
A1,2026-11-15,Belgium,Italy,,
A2,2026-09-24,Netherlands,Germany,1,1
A2,2026-09-24,Serbia,Greece,1,2
A2,2026-09-27,Germany,Greece,,
A2,2026-09-27,Serbia,Netherlands,,
A2,2026-10-01,Germany,Serbia,,
A2,2026-10-01,Greece,Netherlands,,
A2,2026-10-04,Greece,Germany,,
A2,2026-10-04,Netherlands,Serbia,,
A2,2026-11-13,Serbia,Germany,,
A2,2026-11-13,Netherlands,Greece,,
A2,2026-11-16,Germany,Netherlands,,
A2,2026-11-16,Greece,Serbia,,
A3,2026-09-26,England,Spain,,
A3,2026-09-26,Czech Republic,Croatia,,
A3,2026-09-29,Spain,Croatia,,
A3,2026-09-29,Czech Republic,England,,
A3,2026-10-03,Spain,Czech Republic,,
A3,2026-10-03,Croatia,England,,
A3,2026-10-06,Croatia,Spain,,
A3,2026-10-06,England,Czech Republic,,
A3,2026-11-12,Czech Republic,Spain,,
A3,2026-11-12,England,Croatia,,
A3,2026-11-15,Spain,England,,
A3,2026-11-15,Croatia,Czech Republic,,
A4,2026-09-24,Portugal,Wales,1,0
A4,2026-09-24,Norway,Denmark,3,2
A4,2026-09-27,Norway,Portugal,,
A4,2026-09-27,Denmark,Wales,,
A4,2026-10-01,Denmark,Portugal,,
A4,2026-10-01,Wales,Norway,,
A4,2026-10-04,Portugal,Norway,,
A4,2026-10-04,Wales,Denmark,,
A4,2026-11-14,Portugal,Denmark,,
A4,2026-11-14,Norway,Wales,,
A4,2026-11-17,Denmark,Norway,,
A4,2026-11-17,Wales,Portugal,,
